<?xml version="1.0" encoding="UTF-8"?>
<beans xmlns="http://www.springframework.org/schema/beans"
    xmlns:xsi="http://www.w3.org/2001/XMLSchema-instance"
    xsi:schemaLocation="
        http://www.springframework.org/schema/beans http://www.springframework.org/schema/beans/spring-beans.xsd">

<!-- <bean id="id1" class="com.example.pkg.ApplicationTwo">

<property name="x" value="10"/>
<property name="y" value="10"/> 

<constructor-arg index="1" value="34"></constructor-arg>
<constructor-arg index="0" value="Triveni"></constructor-arg>

</bean> -->

<!-- <bean id="animal" class="com.example.pkg.Animal">
<constructor-arg  value="1.5"/>
<constructor-arg  value="25.789"/>
<constructor-arg  value="Marshmellow, the dog"/>
<constructor-arg  ref="color"/>
</bean>

<bean id="color" class="com.example.pkg.Color">
<constructor-arg value="Golden Brown"/>
</bean>

<alias name="animal" alias="bobby"></alias>
 -->
 <bean id="emp" class="com.example.pkg.Employee">
 <property name="id" value="1"></property>
 <property  name="n" value="Triveni"></property>
  <property  name="gender" value="Female"></property>
   <property  name="adress">
   <list>
   <value>Bangalore</value>
      <value>Chennai</value>
       <value>Hong Kong</value>
        <value>Sydney</value>
   </list>
   
   </property>
 
 </bean>
</beans>